Table Name,Column Name,Column Type,ClusteringKey,Indexed,min,max
courses,date_added,java.util.Date,true,false,1901-01-01,2020-12-31
courses,course_id,java.lang.String,false,True,0000,9999
courses,course_name,java.lang.String,false,false,AAAAAA,zzzzzz
transcripts,gpa,java.lang.Double,true,false,0.7,5.0
transcripts,date_passed,java.util.Date,false,false,1990-01-01,2020-12-31
transcripts,course_name,java.lang.String,false,false,AAAAAA,zzzzzz
transcripts,student_id,java.lang.String,false,false,43-0000,99-9999
pcs,pc_id,java.lang.Integer,true,false,0,20000
pcs,student_id,java.lang.String,false,false,43-0000,99-9999
